{
"id": "in2",
"layout": {
"vars": {
	"var_1":{"x":459.78,"y":193.79},
	"var_2":{"x":454.53,"y":242.85},
	"var_3":{"x":513.86,"y":232.98},
	"var_4":{"x":479.54,"y":151.3},
	"var_5":{"x":496.53,"y":227.55},
	"var_6":{"x":381.47,"y":135.84},
	"var_7":{"x":444.03,"y":140.96},
	"var_8":{"x":441.08,"y":278.98},
	"var_9":{"x":408.16,"y":284.36},
	"var_10":{"x":503.99,"y":208.99},
	"var_11":{"x":443.97,"y":308.43},
	"var_12":{"x":434.27,"y":297.02},
	"var_13":{"x":444.28,"y":332.55},
	"var_14":{"x":450.57,"y":326.54},
	"var_15":{"x":444.27,"y":360.44},
	"var_16":{"x":444.85,"y":382.2},
	"var_17":{"x":458.01,"y":344.72},
	"var_18":{"x":463.62,"y":356.6},
	"var_19":{"x":423.09,"y":315.41},
	"var_20":{"x":414.83,"y":332.12},
	"var_21":{"x":409.62,"y":344.35},
	"var_22":{"x":367.24,"y":294.43},
	"var_23":{"x":377.06,"y":327.73},
	"var_24":{"x":311.17,"y":290.11},
	"var_25":{"x":256.17,"y":284.89},
	"var_26":{"x":343.12,"y":393.74},
	"var_27":{"x":318.93,"y":436.36},
	"var_28":{"x":335.42,"y":410.1},
	"var_29":{"x":296.42,"y":455.03},
	"var_30":{"x":303.69,"y":472.68},
	"var_31":{"x":311.55,"y":457.4},
	"var_32":{"x":265.86,"y":468.58},
	"var_33":{"x":237.45,"y":479.07},
	"var_34":{"x":210.5,"y":485.52},
	"var_35":{"x":185.66,"y":480.26},
	"var_36":{"x":160.95,"y":471.06},
	"var_37":{"x":285.93,"y":520.09},
	"var_38":{"x":289.96,"y":540.24},
	"var_39":{"x":307.29,"y":514.8},
	"var_40":{"x":250.64,"y":552.44},
	"var_41":{"x":289.2,"y":558.97},
	"var_42":{"x":282.89,"y":555.01},
	"var_43":{"x":293.07,"y":570.73},
	"var_44":{"x":302.03,"y":572.01},
	"var_45":{"x":310.65,"y":571.22},
	"var_46":{"x":273.28,"y":557.49},
	"var_47":{"x":326.54,"y":522.56},
	"var_48":{"x":320.24,"y":496.54},
	"var_49":{"x":334.87,"y":538.88},
	"var_50":{"x":340.61,"y":533.26},
	"var_51":{"x":344.53,"y":545.68},
	"var_52":{"x":337.12,"y":548.84},
	"var_53":{"x":329.02,"y":549.94},
	"var_54":{"x":356.59,"y":534.73},
	"var_55":{"x":366.72,"y":532.4},
	"var_56":{"x":328.3,"y":459.91},
	"var_57":{"x":335.47,"y":426.02},
	"var_58":{"x":341.35,"y":388.63},
	"var_59":{"x":349.18,"y":349.95},
	"var_60":{"x":244.04,"y":572.3},
	"var_61":{"x":227.71,"y":573.9},
	"var_62":{"x":244.91,"y":587.3},
	"var_63":{"x":238.03,"y":591.08},
	"var_64":{"x":226.53,"y":593.78},
	"var_65":{"x":213.53,"y":594},
	"var_66":{"x":203.71,"y":591.75},
	"var_67":{"x":207.19,"y":583.29},
	"var_68":{"x":218.14,"y":586.65},
	"var_69":{"x":187.87,"y":593.62},
	"var_70":{"x":174.47,"y":593.66},
	"var_71":{"x":165.73,"y":590.25},
	"var_72":{"x":213.03,"y":599.12},
	"var_73":{"x":299.75,"y":475.72},
	"var_74":{"x":287.47,"y":488.89},
	"var_75":{"x":275.93,"y":496.49},
	"var_76":{"x":266.54,"y":497.2},
	"var_77":{"x":527.94,"y":198.71},
	"var_78":{"x":523.84,"y":202.88},
	"var_79":{"x":537.23,"y":176.51},
	"var_80":{"x":558.98,"y":183.32},
	"var_81":{"x":585.02,"y":170.18},
	"var_82":{"x":603.45,"y":163.95},
	"var_83":{"x":610.58,"y":169.6},
	"var_84":{"x":544.2,"y":194.91},
	"var_85":{"x":559.16,"y":190.12},
	"var_86":{"x":554.9,"y":164.57},
	"var_87":{"x":553.6,"y":156.46},
	"var_88":{"x":573.18,"y":154.33},
	"var_89":{"x":566.38,"y":132.94},
	"var_90":{"x":576.2,"y":112.29},
	"var_91":{"x":573.99,"y":101.14},
	"var_92":{"x":537.2,"y":275.43},
	"var_93":{"x":548.08,"y":241.37},
	"var_94":{"x":561.8,"y":248.86},
	"var_95":{"x":558.57,"y":214.56},
	"var_96":{"x":553.07,"y":308.21},
	"var_97":{"x":527.44,"y":307.22},
	"var_98":{"x":564.12,"y":289.74},
	"var_99":{"x":578.61,"y":348.21},
	"var_100":{"x":603.65,"y":385.79},
	"var_101":{"x":626.05,"y":377.49},
	"var_102":{"x":621.07,"y":391.04},
	"var_103":{"x":612.96,"y":404.98},
	"var_104":{"x":597.09,"y":424.57},
	"var_105":{"x":645.29,"y":354.76},
	"var_106":{"x":649.81,"y":345.67},
	"var_107":{"x":659.72,"y":343.86},
	"var_108":{"x":657.32,"y":338.82},
	"var_109":{"x":656.7,"y":347.59},
	"var_110":{"x":667.03,"y":328.23},
	"var_111":{"x":668.73,"y":315.17},
	"var_112":{"x":671.38,"y":306.41},
	"var_113":{"x":638.71,"y":401.21},
	"var_114":{"x":643.35,"y":393.25},
	"var_115":{"x":655.99,"y":389.2},
	"var_116":{"x":658.52,"y":377.25},
	"var_117":{"x":665.54,"y":368.99},
	"var_118":{"x":668.27,"y":358.98},
	"var_119":{"x":616.8,"y":418.55},
	"var_120":{"x":618.8,"y":428.66},
	"var_121":{"x":615.76,"y":436.97},
	"var_122":{"x":614.81,"y":440.12},
	"var_123":{"x":589.28,"y":445.08},
	"var_124":{"x":598.75,"y":441.19},
	"var_125":{"x":575.58,"y":466.65},
	"var_126":{"x":561.61,"y":481.22},
	"var_127":{"x":546.09,"y":489.5},
	"var_128":{"x":530.78,"y":495.04},
	"var_129":{"x":597.09,"y":453.08},
	"var_130":{"x":591.29,"y":458.89},
	"var_131":{"x":522.12,"y":328.59},
	"var_132":{"x":507.49,"y":326.4},
	"var_133":{"x":520.68,"y":350.5},
	"var_134":{"x":478.2,"y":348.91},
	"var_135":{"x":446.8,"y":364.76},
	"var_136":{"x":413.59,"y":371.01},
	"var_137":{"x":380.78,"y":363.52},
	"var_138":{"x":586.45,"y":301.48},
	"var_139":{"x":596.51,"y":311.91},
	"var_140":{"x":593.14,"y":320.63},
	"var_141":{"x":572.37,"y":242.8},
	"var_142":{"x":572.05,"y":229.93},
	"var_143":{"x":599.69,"y":248.24},
	"var_144":{"x":620.24,"y":251.76},
	"var_145":{"x":625.38,"y":252.69},
	"var_146":{"x":595.39,"y":208.51},
	"var_147":{"x":606.5,"y":185.05},
	"var_148":{"x":584.12,"y":249.46},
	"var_149":{"x":587.47,"y":260.05},
	"var_150":{"x":605.71,"y":243.47},
	"var_151":{"x":622.11,"y":240.41},
	"var_152":{"x":606.42,"y":266.71},
	"var_153":{"x":595.16,"y":268.56},
	"var_154":{"x":615,"y":273.85},
	"var_155":{"x":577.16,"y":213.47},
	"var_156":{"x":585.03,"y":200.1},
	"var_157":{"x":598.93,"y":216.04},
	"var_158":{"x":609.18,"y":221.49},
	"var_159":{"x":613.19,"y":220.85},
	"var_160":{"x":612.54,"y":213.08},
	"var_161":{"x":594.08,"y":185.72},
	"var_162":{"x":603.11,"y":192.96},
	"var_163":{"x":592.04,"y":168.12},
	"var_164":{"x":584.13,"y":155.87},
	"var_165":{"x":617.82,"y":189.17},
	"var_166":{"x":627.25,"y":184.07},
	"var_167":{"x":631.95,"y":191.01},
	"var_168":{"x":494.68,"y":125.51},
	"var_169":{"x":479.65,"y":136.88},
	"var_170":{"x":513.24,"y":116.99},
	"var_171":{"x":498.53,"y":115.22},
	"var_172":{"x":491.09,"y":105.3},
	"var_173":{"x":538.41,"y":114.11},
	"var_174":{"x":560.16,"y":116.95},
	"var_175":{"x":579.32,"y":121.63},
	"var_176":{"x":592.11,"y":132.2},
	"var_177":{"x":601.09,"y":146.02},
	"var_178":{"x":608.32,"y":162.94},
	"var_179":{"x":484.87,"y":95.047},
	"var_180":{"x":481.75,"y":87.131},
	"var_181":{"x":507.69,"y":273.67},
	"var_182":{"x":514.54,"y":198.56},
	"var_183":{"x":499.51,"y":324.87},
	"var_184":{"x":522.32,"y":317.23},
	"var_185":{"x":485.11,"y":367.37},
	"var_186":{"x":498.31,"y":349.73},
	"var_187":{"x":462.43,"y":423.04},
	"var_188":{"x":436.51,"y":447.41},
	"var_189":{"x":465.2,"y":449.48},
	"var_190":{"x":402.64,"y":452.1},
	"var_191":{"x":427.74,"y":464.17},
	"var_192":{"x":353.27,"y":451.04},
	"var_193":{"x":303.29,"y":446.28},
	"var_194":{"x":427.74,"y":481.77},
	"var_195":{"x":427.26,"y":497.71},
	"var_196":{"x":419.72,"y":502.73},
	"var_197":{"x":481.93,"y":474.51},
	"var_198":{"x":497.96,"y":486.33},
	"var_199":{"x":514.39,"y":494.2},
	"var_200":{"x":501.32,"y":367.72},
	"var_201":{"x":533.69,"y":350.08},
	"var_202":{"x":538.64,"y":338.65},
	"var_203":{"x":541.88,"y":389.75},
	"var_204":{"x":542.73,"y":420.24},
	"var_205":{"x":539.25,"y":443.29},
	"var_206":{"x":536.86,"y":459.7},
	"var_207":{"x":528.85,"y":465.93},
	"var_208":{"x":548.3,"y":357.2},
	"var_209":{"x":555.62,"y":371.75},
	"var_210":{"x":551.33,"y":380.34},
	"var_211":{"x":522.88,"y":154.72},
	"var_212":{"x":523.11,"y":171.17},
	"var_213":{"x":528.44,"y":161.17},
	"var_214":{"x":527.77,"y":124.02},
	"var_215":{"x":531.25,"y":122.81},
	"var_216":{"x":529.88,"y":91.44},
	"var_217":{"x":526.97,"y":70.688},
	"var_218":{"x":537.25,"y":87.16},
	"var_219":{"x":538.09,"y":61.895},
	"var_220":{"x":530.51,"y":147.78},
	"var_221":{"x":530.48,"y":131.81},
	"var_222":{"x":540.81,"y":125.94},
	"var_223":{"x":543.12,"y":98.931},
	"var_224":{"x":542.14,"y":82.237},
	"var_225":{"x":537.64,"y":74.222},
	"var_226":{"x":386.26,"y":100.88},
	"var_227":{"x":375.46,"y":99.334},
	"var_228":{"x":295.45,"y":122.79},
	"var_229":{"x":391.55,"y":74.369},
	"var_230":{"x":392.77,"y":86.637},
	"var_231":{"x":394.87,"y":41.356},
	"var_232":{"x":393.74,"y":20.179},
	"var_233":{"x":386.17,"y":7.05},
	"var_234":{"x":379.98,"y":0.5},
	"var_235":{"x":376.59,"y":81.94},
	"var_236":{"x":366.42,"y":71.58},
	"var_237":{"x":381.2,"y":66.928},
	"var_238":{"x":381.19,"y":61.869},
	"var_239":{"x":357.98,"y":50.643},
	"var_240":{"x":359.09,"y":58.752},
	"var_241":{"x":354.2,"y":48.167},
	"var_242":{"x":271.78,"y":111.14},
	"var_243":{"x":237.55,"y":116.09},
	"var_244":{"x":258.65,"y":92.828},
	"var_245":{"x":251.55,"y":80.12},
	"var_246":{"x":156.48,"y":104.95},
	"var_247":{"x":119.23,"y":128.56},
	"var_248":{"x":118.43,"y":96.135},
	"var_249":{"x":139.06,"y":64.825},
	"var_250":{"x":94.459,"y":136.69},
	"var_251":{"x":102.49,"y":160.25},
	"var_252":{"x":96.98,"y":141.57},
	"var_253":{"x":65.156,"y":140.65},
	"var_254":{"x":46.602,"y":151.95},
	"var_255":{"x":38.422,"y":152.06},
	"var_256":{"x":40.837,"y":144.64},
	"var_257":{"x":44.367,"y":137.32},
	"var_258":{"x":88.871,"y":208.72},
	"var_259":{"x":81.142,"y":258.18},
	"var_260":{"x":114.48,"y":266.08},
	"var_261":{"x":88.529,"y":263.38},
	"var_262":{"x":40.559,"y":258.92},
	"var_263":{"x":69.347,"y":300.4},
	"var_264":{"x":122.5,"y":273.95},
	"var_265":{"x":149.68,"y":271.91},
	"var_266":{"x":118.69,"y":288.05},
	"var_267":{"x":108.89,"y":297.65},
	"var_268":{"x":108.11,"y":306.48},
	"var_269":{"x":202.36,"y":278.72},
	"var_270":{"x":19.994,"y":265.02},
	"var_271":{"x":24.119,"y":251.28},
	"var_272":{"x":9.1525,"y":273.74},
	"var_273":{"x":9.0546,"y":263.34},
	"var_274":{"x":0.64203,"y":283.99},
	"var_275":{"x":0.5,"y":293.93},
	"var_276":{"x":1.6856,"y":302.18},
	"var_277":{"x":7.4468,"y":254.4},
	"var_278":{"x":7.6393,"y":246.76},
	"var_279":{"x":9.1908,"y":238.68},
	"var_280":{"x":5.3989,"y":227.89},
	"var_281":{"x":5.5997,"y":218.38},
	"var_282":{"x":7.2861,"y":210.41},
	"var_283":{"x":58.181,"y":314.84},
	"var_284":{"x":71.889,"y":327.4},
	"var_285":{"x":53.047,"y":329.77},
	"var_286":{"x":55.862,"y":342.36},
	"var_287":{"x":64.482,"y":352.52},
	"var_288":{"x":73.966,"y":364.38},
	"var_289":{"x":87.461,"y":376.82},
	"var_290":{"x":108.35,"y":385.96},
	"var_291":{"x":106.51,"y":358.5},
	"var_292":{"x":123.41,"y":371.8},
	"var_293":{"x":76.083,"y":405.71},
	"var_294":{"x":133.98,"y":420.65},
	"var_295":{"x":98.819,"y":321.45},
	"var_296":{"x":96.395,"y":283.92},
	"var_297":{"x":97.397,"y":246.76},
	"var_298":{"x":130.56,"y":348.21},
	"var_299":{"x":145.68,"y":377.9},
	"var_300":{"x":118.36,"y":391.19},
	"var_301":{"x":131.91,"y":306.28},
	"var_302":{"x":128.9,"y":264.41},
	"var_303":{"x":167.85,"y":390.86},
	"var_304":{"x":156.1,"y":392.43},
	"var_305":{"x":199.52,"y":406.07},
	"var_306":{"x":231.01,"y":420.66},
	"var_307":{"x":262.74,"y":435.87},
	"var_308":{"x":163.01,"y":408.99},
	"var_309":{"x":167.23,"y":420.66},
	"var_310":{"x":114.15,"y":404.76},
	"var_311":{"x":116.08,"y":400.99},
	"var_312":{"x":115.04,"y":421.97},
	"var_313":{"x":107.5,"y":427.73},
	"var_314":{"x":101.5,"y":422.86},
	"var_315":{"x":113.91,"y":410.5},
	"var_316":{"x":67.599,"y":419.12},
	"var_317":{"x":56.268,"y":414.3},
	"var_318":{"x":55.392,"y":432.95},
	"var_319":{"x":48.568,"y":433.29},
	"var_320":{"x":52.196,"y":424.99},
	"var_321":{"x":43.96,"y":412.06},
	"var_322":{"x":61.084,"y":439.2},
	"var_323":{"x":68.702,"y":447.02},
	"var_324":{"x":35.286,"y":401.51},
	"var_325":{"x":38.134,"y":392.13},
	"var_326":{"x":137.25,"y":436.73},
	"var_327":{"x":152.37,"y":439.27},
	"var_328":{"x":139.8,"y":449.22},
	"var_329":{"x":145.94,"y":455.54},
	"var_330":{"x":161.03,"y":449.97},
	"var_331":{"x":172.55,"y":447.25},
	"var_332":{"x":200.7,"y":453.16},
	"var_333":{"x":230.76,"y":451.82},
	"var_334":{"x":262.47,"y":446.87},
	"var_335":{"x":82.509,"y":364.38},
	"var_336":{"x":94.724,"y":400.21},
	"var_337":{"x":113.16,"y":431.97},
	"var_338":{"x":134.21,"y":457.27},
	"var_339":{"x":82.996,"y":159.29},
	"var_340":{"x":77.449,"y":178.6},
	"var_341":{"x":82.437,"y":198.16},
	"var_342":{"x":91.029,"y":218.2},
	"var_343":{"x":100.49,"y":74.648},
	"var_344":{"x":101.83,"y":88.869},
	"var_345":{"x":97.238,"y":114.71},
	"var_346":{"x":88.902,"y":67.762},
	"var_347":{"x":90.375,"y":58.73},
	"var_348":{"x":80.51,"y":70.809},
	"var_349":{"x":94.904,"y":50.026},
	"var_350":{"x":83.167,"y":85.735},
	"var_351":{"x":73.843,"y":91.426},
	"var_352":{"x":83.75,"y":120.21},
	"var_353":{"x":92.959,"y":131.49},
	"var_354":{"x":73.508,"y":131.28},
	"var_355":{"x":65.888,"y":143.78},
	"var_356":{"x":60.972,"y":155.6},
	"var_357":{"x":58.017,"y":165.08},
	"var_358":{"x":93.986,"y":159.24},
	"var_359":{"x":97.729,"y":187.35},
	"var_360":{"x":103.33,"y":216.07},
	"var_361":{"x":136.49,"y":45.664},
	"var_362":{"x":130.38,"y":46.067},
	"var_363":{"x":134.07,"y":25.807},
	"var_364":{"x":140.76,"y":16.699},
	"var_365":{"x":122.43,"y":26.061},
	"var_366":{"x":126.16,"y":12.576},
	"var_367":{"x":136.48,"y":5.3616},
	"var_368":{"x":145.08,"y":1.9584},
	"var_369":{"x":446.11,"y":115.91},
	"var_370":{"x":427.66,"y":112.44},
	"var_371":{"x":455.35,"y":91.679},
	"var_372":{"x":459.57,"y":75.544},
	"var_373":{"x":453.45,"y":69.454},
	"var_374":{"x":447.01,"y":64.97},
	"var_375":{"x":441.01,"y":61.255},
	"var_376":{"x":423.84,"y":86.021},
	"var_377":{"x":403.68,"y":106.93},
	"var_378":{"x":424.03,"y":65.72},
	"var_379":{"x":428.12,"y":68.738},
	"var_380":{"x":425.7,"y":46.108},
	"var_381":{"x":423.47,"y":37.445},
	"var_382":{"x":416.83,"y":34.577},
	"var_383":{"x":430.49,"y":55.648},
	"var_384":{"x":364.93,"y":113.32},
	"var_385":{"x":326.51,"y":117.82},
	"var_386":{"x":308.6,"y":125.72},
	"var_387":{"x":303.25,"y":115.52},
	"var_388":{"x":287.18,"y":135.96},
	"var_389":{"x":268.59,"y":146.11},
	"var_390":{"x":252.84,"y":153.69},
	"var_391":{"x":241.55,"y":158.22},
	"var_392":{"x":283.34,"y":93.121},
	"var_393":{"x":301.18,"y":90.322},
	"var_394":{"x":308.06,"y":163.29},
	"var_395":{"x":255.19,"y":59.979},
	"var_396":{"x":252.49,"y":43.185},
	"var_397":{"x":233.96,"y":47.781},
	"var_398":{"x":256.54,"y":18.807},
	"var_399":{"x":251.67,"y":12.401},
	"var_400":{"x":262.87,"y":6.6666},
	"var_401":{"x":247.83,"y":7.3085},
	"var_402":{"x":254.99,"y":4.6386},
	"var_403":{"x":245.92,"y":32.584},
	"var_404":{"x":227.87,"y":33.988},
	"var_405":{"x":203.11,"y":67.054},
	"var_406":{"x":272.08,"y":23.317},
	"var_407":{"x":297.42,"y":21.654},
	"var_408":{"x":319.96,"y":22.938},
	"var_409":{"x":340.23,"y":32.537},
	"var_410":{"x":214.3,"y":32.193},
	"var_411":{"x":205.67,"y":31.408},
	"var_412":{"x":199.09,"y":36.895},
	"var_413":{"x":193.57,"y":41.586},
	"var_414":{"x":189.75,"y":63.696},
	"var_415":{"x":187.72,"y":86.742},
	"var_416":{"x":180.77,"y":51.978},
	"var_417":{"x":173.8,"y":50.126},
	"var_418":{"x":165.54,"y":49.462},
	"var_419":{"x":169.55,"y":119.65},
	"var_420":{"x":150.7,"y":152.42},
	"var_421":{"x":136.41,"y":187.63},
	"var_422":{"x":124.67,"y":223.88},
	"var_423":{"x":298.31,"y":76.168},
	"var_424":{"x":306.04,"y":69.571},
	"var_425":{"x":294.22,"y":61.335},
	"var_426":{"x":292.09,"y":46.825},
	"var_427":{"x":295.02,"y":41.014},
	"var_428":{"x":312.82,"y":47.475},
	"var_429":{"x":315.5,"y":34.379},
	"var_430":{"x":314.3,"y":210.71},
	"var_431":{"x":323.42,"y":257.8},
	"var_432":{"x":334.87,"y":304.45},
	"c_1":{"x":457.05,"y":218.24},
	"c_2":{"x":486.88,"y":213.29},
	"c_3":{"x":469.63,"y":172.33},
	"c_4":{"x":478.16,"y":210.52},
	"c_5":{"x":420.62,"y":164.74},
	"c_6":{"x":451.89,"y":167.23},
	"c_7":{"x":477.92,"y":222.78},
	"c_8":{"x":447.88,"y":260.89},
	"c_9":{"x":431.21,"y":263.44},
	"c_10":{"x":479.36,"y":226.05},
	"c_11":{"x":433.43,"y":266.39},
	"c_12":{"x":443.23,"y":293.72},
	"c_13":{"x":437.47,"y":287.86},
	"c_14":{"x":440.84,"y":294.27},
	"c_15":{"x":443.67,"y":320.75},
	"c_16":{"x":448.03,"y":317.45},
	"c_17":{"x":445.93,"y":321.61},
	"c_18":{"x":444.16,"y":347.13},
	"c_19":{"x":444.79,"y":372.42},
	"c_20":{"x":454.73,"y":336.14},
	"c_21":{"x":461.1,"y":351.92},
	"c_22":{"x":428.55,"y":306.4},
	"c_23":{"x":418.76,"y":324.18},
	"c_24":{"x":412.09,"y":339.15},
	"c_25":{"x":387.61,"y":289.36},
	"c_26":{"x":392.56,"y":306.15},
	"c_27":{"x":386.01,"y":302.49},
	"c_28":{"x":339.11,"y":292.38},
	"c_29":{"x":283.55,"y":287.63},
	"c_30":{"x":360.08,"y":360.93},
	"c_31":{"x":330.51,"y":415.31},
	"c_32":{"x":339.19,"y":402.67},
	"c_33":{"x":331.7,"y":415.22},
	"c_34":{"x":307.73,"y":446.2},
	"c_35":{"x":311.73,"y":455.09},
	"c_36":{"x":315.52,"y":447.16},
	"c_37":{"x":308.07,"y":454.54},
	"c_38":{"x":280.95,"y":462.69},
	"c_39":{"x":251.51,"y":475.17},
	"c_40":{"x":223.75,"y":484.15},
	"c_41":{"x":197.38,"y":484.93},
	"c_42":{"x":172.23,"y":478.25},
	"c_43":{"x":294.91,"y":497.04},
	"c_44":{"x":286.99,"y":531.64},
	"c_45":{"x":296.59,"y":518.64},
	"c_46":{"x":268.25,"y":537.12},
	"c_47":{"x":295.43,"y":526.02},
	"c_48":{"x":290.47,"y":551.48},
	"c_49":{"x":285.75,"y":549.35},
	"c_50":{"x":287.79,"y":551.94},
	"c_51":{"x":290.13,"y":567.21},
	"c_52":{"x":297.52,"y":571.53},
	"c_53":{"x":306.51,"y":571.95},
	"c_54":{"x":277.44,"y":556.31},
	"c_55":{"x":316.52,"y":521.31},
	"c_56":{"x":314.39,"y":507.18},
	"c_57":{"x":318.81,"y":511.77},
	"c_58":{"x":329.57,"y":533.11},
	"c_59":{"x":333.53,"y":529.73},
	"c_60":{"x":333.32,"y":532.42},
	"c_61":{"x":340.35,"y":543.69},
	"c_62":{"x":341.4,"y":547.55},
	"c_63":{"x":332.79,"y":549.54},
	"c_64":{"x":349.35,"y":535.58},
	"c_65":{"x":362.42,"y":533.73},
	"c_66":{"x":324.83,"y":478.97},
	"c_67":{"x":332.36,"y":443.51},
	"c_68":{"x":338.4,"y":407.65},
	"c_69":{"x":345.09,"y":369.54},
	"c_70":{"x":247.2,"y":563.33},
	"c_71":{"x":238.76,"y":563.99},
	"c_72":{"x":240.28,"y":565.97},
	"c_73":{"x":244.46,"y":581.5},
	"c_74":{"x":241.51,"y":590.28},
	"c_75":{"x":232.41,"y":593.58},
	"c_76":{"x":220.23,"y":594.13},
	"c_77":{"x":207.93,"y":592.83},
	"c_78":{"x":216.58,"y":579.9},
	"c_79":{"x":222.79,"y":582.71},
	"c_80":{"x":217.33,"y":581.9},
	"c_81":{"x":196.73,"y":590.96},
	"c_82":{"x":180.4,"y":595.11},
	"c_83":{"x":169.39,"y":592.3},
	"c_84":{"x":215.31,"y":596.71},
	"c_85":{"x":306.11,"y":467.8},
	"c_86":{"x":293.81,"y":484.13},
	"c_87":{"x":281.36,"y":492.65},
	"c_88":{"x":270.72,"y":497.79},
	"c_89":{"x":515.7,"y":203.99},
	"c_90":{"x":513.86,"y":206.36},
	"c_91":{"x":520.83,"y":192.58},
	"c_92":{"x":517.44,"y":204.07},
	"c_93":{"x":543.75,"y":190.69},
	"c_94":{"x":572.91,"y":176.29},
	"c_95":{"x":595.98,"y":165.88},
	"c_96":{"x":608.12,"y":166.2},
	"c_97":{"x":534.85,"y":198.92},
	"c_98":{"x":553.3,"y":192.33},
	"c_99":{"x":547.28,"y":170.32},
	"c_100":{"x":545.94,"y":165.59},
	"c_101":{"x":548.1,"y":166.2},
	"c_102":{"x":565.35,"y":158.4},
	"c_103":{"x":561.56,"y":144.09},
	"c_104":{"x":572.48,"y":121.83},
	"c_105":{"x":575.94,"y":105.46},
	"c_106":{"x":525.81,"y":254.28},
	"c_107":{"x":531.25,"y":237.2},
	"c_108":{"x":538.08,"y":240.99},
	"c_109":{"x":536.57,"y":223.81},
	"c_110":{"x":531.97,"y":250.8},
	"c_111":{"x":546.22,"y":291.78},
	"c_112":{"x":533.22,"y":291.58},
	"c_113":{"x":551.39,"y":282.68},
	"c_114":{"x":540.07,"y":295.96},
	"c_115":{"x":566.67,"y":328.32},
	"c_116":{"x":591.72,"y":367.23},
	"c_117":{"x":616.25,"y":382.69},
	"c_118":{"x":613.71,"y":390.13},
	"c_119":{"x":607.74,"y":395.98},
	"c_120":{"x":600.49,"y":405.5},
	"c_121":{"x":617.44,"y":385.12},
	"c_122":{"x":637.47,"y":367.31},
	"c_123":{"x":652.05,"y":352.52},
	"c_124":{"x":655.71,"y":351.43},
	"c_125":{"x":653.98,"y":349.47},
	"c_126":{"x":652.79,"y":340.11},
	"c_127":{"x":657.62,"y":343.18},
	"c_128":{"x":663.47,"y":335.14},
	"c_129":{"x":668.95,"y":321.73},
	"c_130":{"x":671.2,"y":311.18},
	"c_131":{"x":631.32,"y":397.39},
	"c_132":{"x":645.46,"y":400.42},
	"c_133":{"x":652.96,"y":394.36},
	"c_134":{"x":658.66,"y":383.89},
	"c_135":{"x":663.32,"y":374.12},
	"c_136":{"x":667.42,"y":363.95},
	"c_137":{"x":616.97,"y":412.69},
	"c_138":{"x":617.95,"y":424.02},
	"c_139":{"x":617.53,"y":432.91},
	"c_140":{"x":613.23,"y":441.02},
	"c_141":{"x":593.92,"y":435.83},
	"c_142":{"x":600.31,"y":434.01},
	"c_143":{"x":595.89,"y":437.1},
	"c_144":{"x":584.34,"y":457.99},
	"c_145":{"x":569.17,"y":475.19},
	"c_146":{"x":554.11,"y":486.21},
	"c_147":{"x":538.49,"y":492.75},
	"c_148":{"x":599.48,"y":448.42},
	"c_149":{"x":594.2,"y":456.52},
	"c_150":{"x":526.33,"y":318.33},
	"c_151":{"x":517.79,"y":316.98},
	"c_152":{"x":519.52,"y":319.93},
	"c_153":{"x":522.29,"y":340.52},
	"c_154":{"x":492.91,"y":338.03},
	"c_155":{"x":463.08,"y":358.47},
	"c_156":{"x":430.36,"y":369.13},
	"c_157":{"x":397.06,"y":368.22},
	"c_158":{"x":576.48,"y":295.8},
	"c_159":{"x":594.18,"y":306.67},
	"c_160":{"x":595.94,"y":316.85},
	"c_161":{"x":560.92,"y":242.52},
	"c_162":{"x":560.5,"y":235.58},
	"c_163":{"x":563.41,"y":238.19},
	"c_164":{"x":587.31,"y":244.99},
	"c_165":{"x":611.54,"y":250.11},
	"c_166":{"x":623.78,"y":254.57},
	"c_167":{"x":585.17,"y":219.65},
	"c_168":{"x":603.92,"y":197.15},
	"c_169":{"x":573.95,"y":249.43},
	"c_170":{"x":575.26,"y":255.18},
	"c_171":{"x":577.1,"y":253.16},
	"c_172":{"x":596.62,"y":246.48},
	"c_173":{"x":614.22,"y":241.49},
	"c_174":{"x":599.09,"y":263.01},
	"c_175":{"x":593.69,"y":264.33},
	"c_176":{"x":597.83,"y":265.01},
	"c_177":{"x":613.21,"y":270.43},
	"c_178":{"x":567.47,"y":214.37},
	"c_179":{"x":571.44,"y":206.66},
	"c_180":{"x":573.39,"y":208.43},
	"c_181":{"x":589.68,"y":214.15},
	"c_182":{"x":603.59,"y":219.92},
	"c_183":{"x":611.34,"y":224.01},
	"c_184":{"x":613.35,"y":216.71},
	"c_185":{"x":592,"y":192.63},
	"c_186":{"x":596.19,"y":196.74},
	"c_187":{"x":595.32,"y":193.18},
	"c_188":{"x":594.42,"y":176.37},
	"c_189":{"x":588.46,"y":160.9},
	"c_190":{"x":608.91,"y":192.22},
	"c_191":{"x":621.89,"y":186.35},
	"c_192":{"x":629.4,"y":187.78},
	"c_193":{"x":487.88,"y":138.13},
	"c_194":{"x":479.81,"y":143.49},
	"c_195":{"x":485.91,"y":137.38},
	"c_196":{"x":504.77,"y":120.07},
	"c_197":{"x":496.91,"y":118.95},
	"c_198":{"x":493.26,"y":114.04},
	"c_199":{"x":503.43,"y":118.06},
	"c_200":{"x":526.32,"y":113.05},
	"c_201":{"x":550.75,"y":113.09},
	"c_202":{"x":570.56,"y":117.69},
	"c_203":{"x":586.85,"y":126.09},
	"c_204":{"x":596.62,"y":138.89},
	"c_205":{"x":604.61,"y":154.19},
	"c_206":{"x":487.3,"y":100.02},
	"c_207":{"x":482.24,"y":91.385},
	"c_208":{"x":502.26,"y":250.7},
	"c_209":{"x":505.69,"y":213.16},
	"c_210":{"x":508.83,"y":235.31},
	"c_211":{"x":503.69,"y":299.3},
	"c_212":{"x":515.38,"y":295.41},
	"c_213":{"x":509.18,"y":302.6},
	"c_214":{"x":492.16,"y":346.35},
	"c_215":{"x":499.6,"y":337.92},
	"c_216":{"x":493.06,"y":347.01},
	"c_217":{"x":474.22,"y":395.77},
	"c_218":{"x":449.99,"y":436.27},
	"c_219":{"x":464.69,"y":437.25},
	"c_220":{"x":454.19,"y":440.25},
	"c_221":{"x":419.8,"y":451.08},
	"c_222":{"x":433.72,"y":457.86},
	"c_223":{"x":421.22,"y":454.63},
	"c_224":{"x":378.06,"y":452.47},
	"c_225":{"x":328.37,"y":449.46},
	"c_226":{"x":428.87,"y":474.69},
	"c_227":{"x":428.76,"y":491.98},
	"c_228":{"x":423.7,"y":500.8},
	"c_229":{"x":473.83,"y":463.18},
	"c_230":{"x":489.98,"y":483.01},
	"c_231":{"x":506.27,"y":492.8},
	"c_232":{"x":500.87,"y":360.03},
	"c_233":{"x":528.72,"y":334.02},
	"c_234":{"x":531.84,"y":327.91},
	"c_235":{"x":530.96,"y":334.27},
	"c_236":{"x":538.4,"y":370.53},
	"c_237":{"x":543.27,"y":405.95},
	"c_238":{"x":542.59,"y":433.1},
	"c_239":{"x":540.25,"y":453.61},
	"c_240":{"x":532.83,"y":463.81},
	"c_241":{"x":545.11,"y":348.56},
	"c_242":{"x":554.32,"y":365.28},
	"c_243":{"x":553.96,"y":376.87},
	"c_244":{"x":518.23,"y":176.35},
	"c_245":{"x":519.11,"y":184.68},
	"c_246":{"x":521.39,"y":179.71},
	"c_247":{"x":519.48,"y":176},
	"c_248":{"x":525.51,"y":138.85},
	"c_249":{"x":528.08,"y":138.35},
	"c_250":{"x":527.19,"y":135.71},
	"c_251":{"x":529.73,"y":106.57},
	"c_252":{"x":530.13,"y":78.908},
	"c_253":{"x":535.3,"y":103.96},
	"c_254":{"x":539.39,"y":72.581},
	"c_255":{"x":527.58,"y":158.65},
	"c_256":{"x":533.31,"y":138.43},
	"c_257":{"x":535.8,"y":143.18},
	"c_258":{"x":543.95,"y":111.09},
	"c_259":{"x":541.64,"y":89.883},
	"c_260":{"x":539.89,"y":77.606},
	"c_261":{"x":384.08,"y":118.21},
	"c_262":{"x":378.18,"y":117.42},
	"c_263":{"x":338.49,"y":129.16},
	"c_264":{"x":380.92,"y":114.36},
	"c_265":{"x":388.26,"y":86.644},
	"c_266":{"x":389.79,"y":92.837},
	"c_267":{"x":389.82,"y":86.934},
	"c_268":{"x":393.56,"y":56.743},
	"c_269":{"x":395.22,"y":28.833},
	"c_270":{"x":391.91,"y":10.447},
	"c_271":{"x":384.86,"y":1.9679},
	"c_272":{"x":375.82,"y":89.755},
	"c_273":{"x":370.19,"y":84.965},
	"c_274":{"x":372.01,"y":84.27},
	"c_275":{"x":378.52,"y":72.631},
	"c_276":{"x":380.3,"y":64.881},
	"c_277":{"x":363.44,"y":59.567},
	"c_278":{"x":363.34,"y":63.496},
	"c_279":{"x":361.92,"y":59.403},
	"c_280":{"x":356.24,"y":51.021},
	"c_281":{"x":283.26,"y":116.62},
	"c_282":{"x":266.21,"y":119.52},
	"c_283":{"x":266.76,"y":117.92},
	"c_284":{"x":264.6,"y":101.41},
	"c_285":{"x":254.02,"y":85.521},
	"c_286":{"x":196.87,"y":110.28},
	"c_287":{"x":137.48,"y":116.35},
	"c_288":{"x":137.11,"y":99.728},
	"c_289":{"x":147.24,"y":84.501},
	"c_290":{"x":132.24,"y":109.92},
	"c_291":{"x":105.79,"y":131.06},
	"c_292":{"x":110.26,"y":144.1},
	"c_293":{"x":107.21,"y":134.14},
	"c_294":{"x":105.99,"y":142.01},
	"c_295":{"x":78.613,"y":137.7},
	"c_296":{"x":53.274,"y":144.13},
	"c_297":{"x":38.932,"y":153.59},
	"c_298":{"x":39.417,"y":148.49},
	"c_299":{"x":42.456,"y":140.67},
	"c_300":{"x":94.688,"y":184.19},
	"c_301":{"x":83.879,"y":233.3},
	"c_302":{"x":98.413,"y":262.12},
	"c_303":{"x":80.613,"y":261.96},
	"c_304":{"x":60.308,"y":258.56},
	"c_305":{"x":73.856,"y":279.13},
	"c_306":{"x":96.062,"y":262.35},
	"c_307":{"x":118.34,"y":269.93},
	"c_308":{"x":132.01,"y":268.64},
	"c_309":{"x":130.6,"y":270.32},
	"c_310":{"x":119.21,"y":280.96},
	"c_311":{"x":112.02,"y":292.66},
	"c_312":{"x":107.83,"y":302.46},
	"c_313":{"x":175.86,"y":275.36},
	"c_314":{"x":29.861,"y":262.62},
	"c_315":{"x":30.678,"y":255.02},
	"c_316":{"x":27.601,"y":258.8},
	"c_317":{"x":11.451,"y":269.57},
	"c_318":{"x":13.212,"y":264.43},
	"c_319":{"x":10.208,"y":267.54},
	"c_320":{"x":1.4666,"y":278.51},
	"c_321":{"x":0.76246,"y":289.09},
	"c_322":{"x":0.95829,"y":298.4},
	"c_323":{"x":8.0377,"y":258.75},
	"c_324":{"x":7.4709,"y":250.3},
	"c_325":{"x":14.33,"y":244.91},
	"c_326":{"x":7.4581,"y":232.92},
	"c_327":{"x":5.2401,"y":223},
	"c_328":{"x":6.4224,"y":214.11},
	"c_329":{"x":60.64,"y":306.63},
	"c_330":{"x":68.77,"y":314.07},
	"c_331":{"x":65.97,"y":314.31},
	"c_332":{"x":53.598,"y":322.35},
	"c_333":{"x":52.901,"y":336.53},
	"c_334":{"x":58.706,"y":348.1},
	"c_335":{"x":68.377,"y":358.57},
	"c_336":{"x":79.124,"y":371.42},
	"c_337":{"x":96.264,"y":382.74},
	"c_338":{"x":105.5,"y":372.53},
	"c_339":{"x":114.6,"y":378.92},
	"c_340":{"x":91.252,"y":396.08},
	"c_341":{"x":120.78,"y":403.88},
	"c_342":{"x":111.17,"y":372.2},
	"c_343":{"x":101.54,"y":340.21},
	"c_344":{"x":96.247,"y":302.78},
	"c_345":{"x":96.879,"y":265.36},
	"c_346":{"x":125.97,"y":359.98},
	"c_347":{"x":133.98,"y":375.62},
	"c_348":{"x":119.75,"y":381.78},
	"c_349":{"x":133.86,"y":365.4},
	"c_350":{"x":130.7,"y":327.33},
	"c_351":{"x":130.31,"y":285.41},
	"c_352":{"x":156.71,"y":384.28},
	"c_353":{"x":150.79,"y":385.06},
	"c_354":{"x":156.06,"y":386.39},
	"c_355":{"x":183.54,"y":398.92},
	"c_356":{"x":214.92,"y":414.05},
	"c_357":{"x":246.49,"y":428.95},
	"c_358":{"x":158.74,"y":401.77},
	"c_359":{"x":163.68,"y":416.56},
	"c_360":{"x":112.23,"y":398.3},
	"c_361":{"x":115.11,"y":395.72},
	"c_362":{"x":114.72,"y":398.69},
	"c_363":{"x":111.7,"y":414.81},
	"c_364":{"x":110.64,"y":427.68},
	"c_365":{"x":104.11,"y":425.59},
	"c_366":{"x":112.51,"y":406.84},
	"c_367":{"x":72.085,"y":412.78},
	"c_368":{"x":64.437,"y":410.07},
	"c_369":{"x":65.834,"y":412.7},
	"c_370":{"x":59.536,"y":427.27},
	"c_371":{"x":50.949,"y":435.6},
	"c_372":{"x":52.023,"y":420.18},
	"c_373":{"x":47.943,"y":413.72},
	"c_374":{"x":49.505,"y":417.37},
	"c_375":{"x":56.576,"y":433.16},
	"c_376":{"x":65.197,"y":443.84},
	"c_377":{"x":38.301,"y":407.21},
	"c_378":{"x":37.851,"y":396.47},
	"c_379":{"x":133.18,"y":430.56},
	"c_380":{"x":142.73,"y":430.74},
	"c_381":{"x":141.31,"y":432.26},
	"c_382":{"x":136.89,"y":444.5},
	"c_383":{"x":142.82,"y":453.15},
	"c_384":{"x":154.44,"y":447.89},
	"c_385":{"x":162.42,"y":443.99},
	"c_386":{"x":161.47,"y":446.26},
	"c_387":{"x":186.14,"y":451.89},
	"c_388":{"x":215.45,"y":453.84},
	"c_389":{"x":246.39,"y":450.34},
	"c_390":{"x":75.812,"y":346.22},
	"c_391":{"x":86.819,"y":382.99},
	"c_392":{"x":102.15,"y":417.18},
	"c_393":{"x":122.62,"y":446.02},
	"c_394":{"x":87.689,"y":149.31},
	"c_395":{"x":79.11,"y":168.87},
	"c_396":{"x":79.835,"y":188.41},
	"c_397":{"x":84.52,"y":208.28},
	"c_398":{"x":110.25,"y":85.001},
	"c_399":{"x":108.97,"y":91.171},
	"c_400":{"x":106.31,"y":104.04},
	"c_401":{"x":107.16,"y":85.324},
	"c_402":{"x":93.362,"y":69.257},
	"c_403":{"x":94.404,"y":64.591},
	"c_404":{"x":92.383,"y":65.615},
	"c_405":{"x":84.046,"y":68.63},
	"c_406":{"x":92.203,"y":53.336},
	"c_407":{"x":91.211,"y":85.648},
	"c_408":{"x":77.205,"y":87.725},
	"c_409":{"x":89.328,"y":115.59},
	"c_410":{"x":92.762,"y":121.76},
	"c_411":{"x":89.991,"y":121.25},
	"c_412":{"x":77.96,"y":125.43},
	"c_413":{"x":69.244,"y":137.25},
	"c_414":{"x":63.098,"y":149.88},
	"c_415":{"x":59.268,"y":160.84},
	"c_416":{"x":91.576,"y":145.03},
	"c_417":{"x":94.259,"y":173.2},
	"c_418":{"x":99.283,"y":201.62},
	"c_419":{"x":139.14,"y":55.204},
	"c_420":{"x":132.59,"y":54.539},
	"c_421":{"x":134.49,"y":52.427},
	"c_422":{"x":133.28,"y":34.191},
	"c_423":{"x":136.85,"y":19.75},
	"c_424":{"x":124.36,"y":34.807},
	"c_425":{"x":122.01,"y":18.065},
	"c_426":{"x":131.32,"y":8.4345},
	"c_427":{"x":141.34,"y":3.4138},
	"c_428":{"x":445.48,"y":128},
	"c_429":{"x":435.83,"y":126.39},
	"c_430":{"x":438.86,"y":123.93},
	"c_431":{"x":451.19,"y":102.86},
	"c_432":{"x":458.88,"y":82.03},
	"c_433":{"x":456.49,"y":72.347},
	"c_434":{"x":450.22,"y":67.158},
	"c_435":{"x":443.82,"y":63.009},
	"c_436":{"x":426.42,"y":98.481},
	"c_437":{"x":415.82,"y":108.85},
	"c_438":{"x":418.37,"y":100.78},
	"c_439":{"x":423.35,"y":75.085},
	"c_440":{"x":427.23,"y":76.432},
	"c_441":{"x":425.62,"y":73.583},
	"c_442":{"x":424.52,"y":54.79},
	"c_443":{"x":426.22,"y":39.915},
	"c_444":{"x":420.16,"y":35.575},
	"c_445":{"x":430.58,"y":59.796},
	"c_446":{"x":384.34,"y":109.93},
	"c_447":{"x":345.69,"y":114.94},
	"c_448":{"x":317.83,"y":121.86},
	"c_449":{"x":314.97,"y":115.19},
	"c_450":{"x":313.77,"y":119.45},
	"c_451":{"x":297.55,"y":130.48},
	"c_452":{"x":277.34,"y":140.78},
	"c_453":{"x":260.02,"y":149.59},
	"c_454":{"x":245.91,"y":155.07},
	"c_455":{"x":292.93,"y":104.02},
	"c_456":{"x":302.25,"y":102.27},
	"c_457":{"x":305.51,"y":139.46},
	"c_458":{"x":295.72,"y":100.31},
	"c_459":{"x":269.18,"y":75.966},
	"c_460":{"x":253.6,"y":49.872},
	"c_461":{"x":244.14,"y":52.849},
	"c_462":{"x":246.27,"y":49.702},
	"c_463":{"x":253.75,"y":29.58},
	"c_464":{"x":253.29,"y":14.577},
	"c_465":{"x":259.79,"y":10.468},
	"c_466":{"x":257.55,"y":11.718},
	"c_467":{"x":246.65,"y":9.4604},
	"c_468":{"x":251.42,"y":5.584},
	"c_469":{"x":238.51,"y":37.836},
	"c_470":{"x":229.46,"y":38.932},
	"c_471":{"x":217.79,"y":56.299},
	"c_472":{"x":235.62,"y":36.409},
	"c_473":{"x":258.53,"y":25.719},
	"c_474":{"x":284.59,"y":19.186},
	"c_475":{"x":308.82,"y":18.347},
	"c_476":{"x":330.87,"y":24.935},
	"c_477":{"x":220.7,"y":31.396},
	"c_478":{"x":210.51,"y":29.229},
	"c_479":{"x":201.81,"y":33.706},
	"c_480":{"x":196.09,"y":39.341},
	"c_481":{"x":195.85,"y":62.476},
	"c_482":{"x":194.41,"y":75.974},
	"c_483":{"x":192.46,"y":72.953},
	"c_484":{"x":184.43,"y":56.177},
	"c_485":{"x":177.12,"y":50.823},
	"c_486":{"x":169.28,"y":48.584},
	"c_487":{"x":177.92,"y":102.64},
	"c_488":{"x":159.67,"y":135.72},
	"c_489":{"x":142.97,"y":169.8},
	"c_490":{"x":130.08,"y":205.58},
	"c_491":{"x":299.02,"y":82.155},
	"c_492":{"x":304.18,"y":79.111},
	"c_493":{"x":302.12,"y":78.397},
	"c_494":{"x":295.95,"y":67.081},
	"c_495":{"x":292.77,"y":53.332},
	"c_496":{"x":292.93,"y":43.793},
	"c_497":{"x":309.54,"y":57.601},
	"c_498":{"x":314.05,"y":38.956},
	"c_499":{"x":310.98,"y":186.97},
	"c_500":{"x":318.64,"y":234.29},
	"c_501":{"x":328.86,"y":281.17},
	"c_502":{"x":252.98,"y":53.695},
	"c_503":{"x":126.82,"y":346.47},
	"c_504":{"x":84.895,"y":366.8},
	"c_505":{"x":150.62,"y":444.53},
	"c_506":{"x":316.32,"y":44.185},
	"c_507":{"x":660.76,"y":356.73},
	"c_508":{"x":383.72,"y":9.7924},
	"c_509":{"x":112.29,"y":287.99},
	"c_510":{"x":664.37,"y":314.34},
	"c_511":{"x":431.65,"y":489.31},
	"c_512":{"x":609.39,"y":391},
	"c_513":{"x":479.17,"y":85.007},
	"c_514":{"x":444,"y":337.94},
	"c_515":{"x":299.41,"y":450.49},
	"c_516":{"x":287.22,"y":563.53},
	"c_517":{"x":585.68,"y":352.14},
	"c_518":{"x":582.81,"y":120.27},
	"c_519":{"x":523.17,"y":357.7},
	"c_520":{"x":55.092,"y":438.55},
	"c_521":{"x":416.12,"y":504.01},
	"c_522":{"x":238.22,"y":584.77},
	"c_523":{"x":638.08,"y":405.52},
	"c_524":{"x":594.97,"y":302.54},
	"c_525":{"x":291,"y":545.65},
	"c_526":{"x":77.936,"y":73.308},
	"c_527":{"x":201.12,"y":587.7},
	"c_528":{"x":145.78,"y":149.63},
	"c_529":{"x":574.83,"y":471.83},
	"c_530":{"x":670.1,"y":310.54},
	"c_531":{"x":197.8,"y":459.99},
	"c_532":{"x":266.7,"y":12.237},
	"c_533":{"x":592.36,"y":164.45},
	"c_534":{"x":224.3,"y":575.23},
	"c_535":{"x":315.79,"y":30.292},
	"c_536":{"x":502.23,"y":329.64},
	"c_537":{"x":99.572,"y":318.25},
	"c_538":{"x":543.94,"y":450.1},
	"c_539":{"x":213.7,"y":36.345},
	"c_540":{"x":129.78,"y":426.18},
	"c_541":{"x":547.32,"y":119.58},
	"c_542":{"x":17.245,"y":249.52},
	"c_543":{"x":669.87,"y":354.83},
	"c_544":{"x":243.46,"y":590.26},
	"c_545":{"x":54.43,"y":314.61},
	"c_546":{"x":295.59,"y":46.256},
	"c_547":{"x":525.45,"y":333.64},
	"c_548":{"x":152.18,"y":99.648},
	"c_549":{"x":341.7,"y":398.44},
	"c_550":{"x":498.76,"y":111.91},
	"c_551":{"x":229.48,"y":44.949},
	"c_552":{"x":109.6,"y":264.32},
	"c_553":{"x":96.876,"y":159.24},
	"c_554":{"x":448.66,"y":109.7},
	"c_555":{"x":546.4,"y":396.79},
	"c_556":{"x":543.2,"y":93.724},
	"c_557":{"x":267.13,"y":3.7014},
	"c_558":{"x":644.73,"y":357.27},
	"c_559":{"x":310,"y":211.08},
	"c_560":{"x":314.44,"y":570.86},
	"c_561":{"x":243.12,"y":29.978},
	"c_562":{"x":533.91,"y":56.031},
	"c_563":{"x":445.18,"y":389.35},
	"c_564":{"x":574.03,"y":127.31},
	"c_565":{"x":162.56,"y":51.198},
	"c_566":{"x":650.14,"y":398.02},
	"c_567":{"x":40.339,"y":155.3},
	"c_568":{"x":611.78,"y":266.73},
	"c_569":{"x":383.45,"y":1.3965},
	"c_570":{"x":123.41,"y":13.563},
	"c_571":{"x":134.48,"y":60.985},
	"c_572":{"x":538.08,"y":356.46},
	"c_573":{"x":117.91,"y":426.95},
	"c_574":{"x":628.63,"y":180.12},
	"c_575":{"x":646.63,"y":358.84},
	"c_576":{"x":232.52,"y":112.49},
	"c_577":{"x":304.03,"y":479.45},
	"c_578":{"x":527.06,"y":166.73},
	"c_579":{"x":66.866,"y":424.26},
	"c_580":{"x":152.66,"y":397.38},
	"c_581":{"x":397.38,"y":18.683},
	"c_582":{"x":633.11,"y":194.46},
	"c_583":{"x":114.27,"y":90.323},
	"c_584":{"x":545.69,"y":190.15},
	"c_585":{"x":82.515,"y":118.35},
	"c_586":{"x":545.81,"y":342.32},
	"c_587":{"x":115.06,"y":124.01},
	"c_588":{"x":413.74,"y":377.87},
	"c_589":{"x":479.51,"y":131.01},
	"c_590":{"x":345.87,"y":398.86},
	"c_591":{"x":55.051,"y":416.36},
	"c_592":{"x":99.418,"y":359.46},
	"c_593":{"x":209.35,"y":28.819},
	"c_594":{"x":159.02,"y":458.02},
	"c_595":{"x":208.76,"y":491.55},
	"c_596":{"x":652.87,"y":374.15},
	"c_597":{"x":176.08,"y":46.595},
	"c_598":{"x":476.1,"y":133.15},
	"c_599":{"x":0.94859,"y":273.97},
	"c_600":{"x":115.48,"y":425.94},
	"c_601":{"x":297.75,"y":12.873},
	"c_602":{"x":591.41,"y":324.12},
	"c_603":{"x":71.551,"y":94.774},
	"c_604":{"x":661.87,"y":374.95},
	"c_605":{"x":32.653,"y":398.22},
	"c_606":{"x":592.35,"y":249.88},
	"c_607":{"x":95.944,"y":323.74},
	"c_608":{"x":495.79,"y":110.53},
	"c_609":{"x":84.002,"y":217.48},
	"c_610":{"x":126.22,"y":244.01},
	"c_611":{"x":113.25,"y":219.78},
	"c_612":{"x":364.9,"y":357.28},
	"c_613":{"x":349.87,"y":39.16},
	"c_614":{"x":522.59,"y":495},
	"c_615":{"x":341.73,"y":327.4},
	"c_616":{"x":229.13,"y":281.9},
	"c_617":{"x":147.09,"y":465.74},
	"c_618":{"x":578.58,"y":154.03},
	"c_619":{"x":610.04,"y":173.34},
	"c_620":{"x":279.04,"y":443.72},
	"c_621":{"x":96.562,"y":228.87}
}
}}