<?xml version="1.0" ?>
<graph id="world">
  <level id="Bonus1">
    <box id="es26" width="wide" editable="true"/>
    <box id="es27" width="narrow" editable="false"/>
    <box id="es24" width="narrow" editable="true"/>
    <box id="es25" width="narrow" editable="true"/>
    <box id="es22" width="narrow" editable="true"/>
    <box id="es23" width="narrow" editable="false"/>
    <box id="es20" width="narrow" editable="true"/>
    <box id="es21" width="narrow" editable="false"/>
    <box id="es61" width="narrow" editable="false"/>
    <box id="es65" width="narrow" editable="true"/>
    <box id="es28" width="narrow" editable="true"/>
    <box id="es29" width="narrow" editable="false"/>
    <box id="es44" width="wide" editable="true"/>
    <box id="es63" width="wide" editable="true"/>
    <box id="es46" width="narrow" editable="true"/>
    <box id="es47" width="narrow" editable="true"/>
    <box id="es40" width="narrow" editable="true"/>
    <box id="es41" width="wide" editable="true"/>
    <box id="es42" width="wide" editable="false"/>
    <box id="es43" width="narrow" editable="true"/>
    <box id="es68" width="narrow" editable="false"/>
    <box id="es69" width="narrow" editable="false"/>
    <box id="es48" width="narrow" editable="true"/>
    <box id="es77" width="narrow" editable="false"/>
    <box id="es76" width="narrow" editable="true"/>
    <box id="es71" width="narrow" editable="true"/>
    <box id="es64" width="narrow" editable="true"/>
    <box id="es70" width="narrow" editable="false"/>
    <box id="es75" width="narrow" editable="false"/>
    <box id="es59" width="wide" editable="true"/>
    <box id="es79" width="narrow" editable="true"/>
    <box id="es31" width="narrow" editable="true"/>
    <box id="es30" width="narrow" editable="false"/>
    <box id="es33" width="narrow" editable="false"/>
    <box id="es32" width="narrow" editable="true"/>
    <box id="es35" width="narrow" editable="true"/>
    <box id="es34" width="wide" editable="true"/>
    <box id="es37" width="wide" editable="true"/>
    <box id="es36" width="narrow" editable="true"/>
    <box id="es39" width="wide" editable="true"/>
    <box id="es38" width="wide" editable="true"/>
    <box id="es57" width="wide" editable="true"/>
    <box id="es56" width="narrow" editable="false"/>
    <box id="es19" width="narrow" editable="true"/>
    <box id="es18" width="narrow" editable="true"/>
    <box id="es53" width="narrow" editable="false"/>
    <box id="es52" width="narrow" editable="false"/>
    <box id="es78" width="narrow" editable="false"/>
    <box id="es50" width="wide" editable="true"/>
    <box id="es13" width="narrow" editable="true"/>
    <box id="es12" width="narrow" editable="true"/>
    <box id="es11" width="narrow" editable="false"/>
    <box id="es10" width="wide" editable="true"/>
    <box id="es17" width="narrow" editable="true"/>
    <box id="es16" width="narrow" editable="true"/>
    <box id="es15" width="narrow" editable="true"/>
    <box id="es58" width="wide" editable="true"/>
    <box id="es7" width="narrow" editable="true"/>
    <box id="es62" width="narrow" editable="false"/>
    <box id="es5" width="wide" editable="false"/>
    <box id="es3" width="wide" editable="false"/>
    <box id="es2" width="wide" editable="false"/>
    <box id="es1" width="wide" editable="false"/>
    <box id="es60" width="wide" editable="true"/>
    <box id="es73" width="narrow" editable="false"/>
    <box id="es55" width="narrow" editable="true"/>
    <box id="es9" width="wide" editable="true"/>
    <box id="es8" width="wide" editable="true"/>
    <box id="es54" width="wide" editable="true"/>
    <box id="es66" width="narrow" editable="true"/>
    <box id="es67" width="wide" editable="true"/>
  </level>
  <level id="Bonus2">
    <box id="es26" width="narrow" editable="true"/>
    <box id="es24" width="narrow" editable="true"/>
    <box id="es25" width="wide" editable="true"/>
    <box id="es22" width="narrow" editable="true"/>
    <box id="es23" width="narrow" editable="true"/>
    <box id="es20" width="narrow" editable="true"/>
    <box id="es21" width="wide" editable="false"/>
    <box id="es28" width="narrow" editable="true"/>
    <box id="es29" width="wide" editable="false"/>
    <box id="es45" width="narrow" editable="false"/>
    <box id="es40" width="narrow" editable="true"/>
    <box id="es41" width="narrow" editable="true"/>
    <box id="es42" width="narrow" editable="true"/>
    <box id="es43" width="wide" editable="true"/>
    <box id="es48" width="narrow" editable="false"/>
    <box id="es31" width="narrow" editable="true"/>
    <box id="es33" width="narrow" editable="false"/>
    <box id="es35" width="narrow" editable="true"/>
    <box id="es34" width="narrow" editable="false"/>
    <box id="es37" width="wide" editable="true"/>
    <box id="es36" width="wide" editable="true"/>
    <box id="es39" width="narrow" editable="true"/>
    <box id="es38" width="wide" editable="true"/>
    <box id="es19" width="narrow" editable="false"/>
    <box id="es52" width="narrow" editable="true"/>
    <box id="es13" width="narrow" editable="true"/>
    <box id="es12" width="narrow" editable="false"/>
    <box id="es11" width="narrow" editable="false"/>
    <box id="es10" width="narrow" editable="true"/>
    <box id="es16" width="wide" editable="true"/>
    <box id="es15" width="wide" editable="false"/>
    <box id="es14" width="wide" editable="false"/>
    <box id="es7" width="narrow" editable="true"/>
    <box id="es6" width="wide" editable="false"/>
    <box id="es5" width="wide" editable="false"/>
    <box id="es4" width="wide" editable="false"/>
    <box id="es3" width="wide" editable="false"/>
    <box id="es1" width="wide" editable="true"/>
    <box id="es8" width="narrow" editable="true"/>
  </level>
  <level id="Bonus3">
    <box id="es26" width="narrow" editable="true"/>
    <box id="es27" width="narrow" editable="true"/>
    <box id="es24" width="narrow" editable="true"/>
    <box id="es22" width="narrow" editable="true"/>
    <box id="es23" width="wide" editable="true"/>
    <box id="es20" width="narrow" editable="true"/>
    <box id="es28" width="wide" editable="false"/>
    <box id="es29" width="wide" editable="true"/>
    <box id="es31" width="wide" editable="true"/>
    <box id="es30" width="narrow" editable="true"/>
    <box id="es33" width="narrow" editable="true"/>
    <box id="es32" width="wide" editable="false"/>
    <box id="es35" width="narrow" editable="true"/>
    <box id="es34" width="narrow" editable="false"/>
    <box id="es37" width="narrow" editable="true"/>
    <box id="es36" width="narrow" editable="false"/>
    <box id="es38" width="narrow" editable="false"/>
    <box id="es18" width="narrow" editable="false"/>
    <box id="es13" width="narrow" editable="false"/>
    <box id="es12" width="narrow" editable="true"/>
    <box id="es11" width="narrow" editable="false"/>
    <box id="es10" width="narrow" editable="true"/>
    <box id="es17" width="narrow" editable="true"/>
    <box id="es16" width="narrow" editable="true"/>
    <box id="es15" width="narrow" editable="true"/>
    <box id="es6" width="wide" editable="true"/>
    <box id="es4" width="wide" editable="false"/>
    <box id="es3" width="wide" editable="false"/>
    <box id="es2" width="wide" editable="false"/>
    <box id="es9" width="wide" editable="false"/>
    <box id="es8" width="wide" editable="true"/>
  </level>
  <level id="Bonus4">
    <box id="es27" width="narrow" editable="false"/>
    <box id="es5" width="wide" editable="false"/>
    <box id="es4" width="narrow" editable="true"/>
    <box id="es3" width="wide" editable="false"/>
    <box id="es23" width="narrow" editable="false"/>
    <box id="es1" width="wide" editable="true"/>
    <box id="es21" width="narrow" editable="false"/>
    <box id="es9" width="wide" editable="true"/>
    <box id="es8" width="narrow" editable="true"/>
    <box id="es19" width="wide" editable="false"/>
    <box id="es18" width="narrow" editable="true"/>
    <box id="es28" width="narrow" editable="true"/>
    <box id="es13" width="narrow" editable="true"/>
    <box id="es12" width="wide" editable="false"/>
    <box id="es11" width="wide" editable="true"/>
    <box id="es10" width="narrow" editable="true"/>
  </level>
  <level id="Bonus5">
    <box id="es7" width="narrow" editable="true"/>
    <box id="es6" width="wide" editable="true"/>
    <box id="es5" width="wide" editable="false"/>
    <box id="es4" width="wide" editable="true"/>
    <box id="es3" width="wide" editable="false"/>
    <box id="es2" width="wide" editable="true"/>
    <box id="es9" width="wide" editable="true"/>
    <box id="es8" width="narrow" editable="true"/>
    <box id="es18" width="narrow" editable="false"/>
    <box id="es13" width="wide" editable="true"/>
    <box id="es12" width="wide" editable="true"/>
    <box id="es11" width="wide" editable="false"/>
    <box id="es10" width="wide" editable="true"/>
    <box id="es17" width="narrow" editable="true"/>
  </level>
</graph>