{
"id": "in2","version": 1,
"default": "type:1",
"scoring": {"variables": {"type:0": 0, "type:1": 1}, "constraints": 100},
"variables":{
},
"constraints":[
"var:1 <= c:1",
"var:2 <= c:1",
"c:2 <= var:1",
"c:2 <= var:3",
"var:1 <= c:3",
"var:4 <= c:3",
"var:1 <= c:4",
"var:5 <= c:4",
"c:5 <= var:1",
"c:5 <= var:6",
"c:6 <= var:1",
"var:7 <= c:6",
"c:7 <= var:2",
"var:3 <= c:7",
"var:1 <= c:7",
"c:8 <= var:2",
"var:8 <= c:8",
"var:2 <= c:9",
"var:9 <= c:9",
"var:2 <= c:10",
"c:10 <= var:10",
"c:11 <= var:8",
"var:9 <= c:11",
"c:11 <= var:2",
"var:8 <= c:12",
"var:11 <= c:12",
"c:13 <= var:8",
"var:12 <= c:13",
"var:11 <= c:14",
"c:14 <= var:12",
"var:8 <= c:14",
"c:15 <= var:11",
"var:13 <= c:15",
"var:11 <= c:16",
"c:16 <= var:14",
"var:13 <= c:17",
"var:14 <= c:17",
"c:17 <= var:11",
"var:13 <= c:18",
"c:18 <= var:15",
"c:19 <= var:15",
"c:19 <= var:16",
"var:14 <= c:20",
"var:17 <= c:20",
"c:21 <= var:17",
"c:21 <= var:18",
"c:22 <= var:12",
"var:19 <= c:22",
"var:19 <= c:23",
"c:23 <= var:20",
"c:24 <= var:20",
"var:21 <= c:24",
"c:25 <= var:9",
"c:25 <= var:22",
"var:9 <= c:26",
"c:26 <= var:23",
"var:22 <= c:27",
"var:23 <= c:27",
"c:27 <= var:9",
"var:22 <= c:28",
"var:24 <= c:28",
"var:24 <= c:29",
"var:25 <= c:29",
"c:30 <= var:23",
"var:26 <= c:30",
"var:26 <= c:31",
"var:27 <= c:31",
"c:32 <= var:26",
"c:32 <= var:28",
"c:33 <= var:27",
"c:33 <= var:28",
"var:26 <= c:33",
"var:27 <= c:34",
"var:29 <= c:34",
"c:35 <= var:27",
"var:30 <= c:35",
"var:27 <= c:36",
"c:36 <= var:31",
"c:37 <= var:29",
"c:37 <= var:30",
"var:27 <= c:37",
"var:29 <= c:38",
"c:38 <= var:32",
"c:39 <= var:32",
"c:39 <= var:33",
"var:33 <= c:40",
"var:34 <= c:40",
"var:34 <= c:41",
"var:35 <= c:41",
"var:35 <= c:42",
"var:36 <= c:42",
"var:30 <= c:43",
"var:37 <= c:43",
"c:44 <= var:37",
"var:38 <= c:44",
"c:45 <= var:37",
"var:39 <= c:45",
"c:46 <= var:37",
"c:46 <= var:40",
"c:47 <= var:38",
"var:39 <= c:47",
"var:37 <= c:47",
"c:48 <= var:38",
"c:48 <= var:41",
"var:38 <= c:49",
"var:42 <= c:49",
"var:41 <= c:50",
"var:42 <= c:50",
"var:38 <= c:50",
"var:41 <= c:51",
"c:51 <= var:43",
"c:52 <= var:43",
"var:44 <= c:52",
"var:44 <= c:53",
"c:53 <= var:45",
"c:54 <= var:42",
"c:54 <= var:46",
"c:55 <= var:39",
"var:47 <= c:55",
"var:39 <= c:56",
"var:48 <= c:56",
"c:57 <= var:47",
"var:48 <= c:57",
"c:57 <= var:39",
"c:58 <= var:47",
"c:58 <= var:49",
"c:59 <= var:47",
"var:50 <= c:59",
"c:60 <= var:49",
"c:60 <= var:50",
"var:47 <= c:60",
"var:49 <= c:61",
"var:51 <= c:61",
"var:51 <= c:62",
"var:52 <= c:62",
"c:63 <= var:52",
"c:63 <= var:53",
"var:50 <= c:64",
"c:64 <= var:54",
"var:54 <= c:65",
"var:55 <= c:65",
"c:66 <= var:48",
"c:66 <= var:56",
"c:67 <= var:56",
"var:57 <= c:67",
"c:68 <= var:57",
"var:58 <= c:68",
"c:69 <= var:58",
"var:59 <= c:69",
"var:40 <= c:70",
"var:60 <= c:70",
"c:71 <= var:40",
"var:61 <= c:71",
"c:72 <= var:60",
"var:61 <= c:72",
"var:40 <= c:72",
"c:73 <= var:60",
"c:73 <= var:62",
"var:62 <= c:74",
"c:74 <= var:63",
"c:75 <= var:63",
"c:75 <= var:64",
"var:64 <= c:76",
"var:65 <= c:76",
"c:77 <= var:65",
"var:66 <= c:77",
"c:78 <= var:61",
"c:78 <= var:67",
"c:79 <= var:61",
"var:68 <= c:79",
"c:80 <= var:67",
"c:80 <= var:68",
"c:80 <= var:61",
"c:81 <= var:67",
"c:81 <= var:69",
"var:69 <= c:82",
"var:70 <= c:82",
"c:83 <= var:70",
"c:83 <= var:71",
"var:68 <= c:84",
"c:84 <= var:72",
"var:31 <= c:85",
"c:85 <= var:73",
"c:86 <= var:73",
"c:86 <= var:74",
"c:87 <= var:74",
"c:87 <= var:75",
"c:88 <= var:75",
"var:76 <= c:88",
"var:10 <= c:89",
"c:89 <= var:77",
"c:90 <= var:10",
"var:78 <= c:90",
"var:10 <= c:91",
"c:91 <= var:79",
"c:92 <= var:77",
"c:92 <= var:78",
"c:92 <= var:10",
"var:77 <= c:93",
"var:80 <= c:93",
"var:80 <= c:94",
"c:94 <= var:81",
"c:95 <= var:81",
"c:95 <= var:82",
"c:96 <= var:82",
"c:96 <= var:83",
"var:78 <= c:97",
"c:97 <= var:84",
"var:84 <= c:98",
"c:98 <= var:85",
"c:99 <= var:79",
"c:99 <= var:86",
"var:79 <= c:100",
"c:100 <= var:87",
"c:101 <= var:86",
"var:87 <= c:101",
"var:79 <= c:101",
"c:102 <= var:86",
"var:88 <= c:102",
"c:103 <= var:87",
"c:103 <= var:89",
"c:104 <= var:89",
"var:90 <= c:104",
"var:90 <= c:105",
"var:91 <= c:105",
"c:106 <= var:3",
"c:106 <= var:92",
"c:107 <= var:3",
"var:93 <= c:107",
"c:108 <= var:3",
"c:108 <= var:94",
"c:109 <= var:3",
"var:95 <= c:109",
"c:110 <= var:92",
"var:93 <= c:110",
"var:3 <= c:110",
"c:111 <= var:92",
"var:96 <= c:111",
"var:92 <= c:112",
"var:97 <= c:112",
"var:92 <= c:113",
"var:98 <= c:113",
"var:96 <= c:114",
"var:97 <= c:114",
"var:92 <= c:114",
"var:96 <= c:115",
"var:99 <= c:115",
"c:116 <= var:99",
"c:116 <= var:100",
"c:117 <= var:100",
"var:101 <= c:117",
"var:100 <= c:118",
"var:102 <= c:118",
"var:100 <= c:119",
"var:103 <= c:119",
"c:120 <= var:100",
"c:120 <= var:104",
"c:121 <= var:101",
"c:121 <= var:102",
"c:121 <= var:100",
"var:101 <= c:122",
"c:122 <= var:105",
"c:123 <= var:105",
"var:106 <= c:123",
"var:105 <= c:124",
"c:124 <= var:107",
"c:125 <= var:106",
"c:125 <= var:107",
"var:105 <= c:125",
"var:106 <= c:126",
"var:108 <= c:126",
"var:108 <= c:127",
"c:127 <= var:109",
"var:107 <= c:128",
"var:110 <= c:128",
"var:110 <= c:129",
"c:129 <= var:111",
"c:130 <= var:111",
"var:112 <= c:130",
"var:102 <= c:131",
"var:113 <= c:131",
"c:132 <= var:113",
"c:132 <= var:114",
"var:114 <= c:133",
"c:133 <= var:115",
"c:134 <= var:115",
"c:134 <= var:116",
"c:135 <= var:116",
"var:117 <= c:135",
"c:136 <= var:117",
"c:136 <= var:118",
"c:137 <= var:103",
"c:137 <= var:119",
"var:119 <= c:138",
"var:120 <= c:138",
"var:120 <= c:139",
"c:139 <= var:121",
"c:140 <= var:121",
"var:122 <= c:140",
"var:104 <= c:141",
"var:123 <= c:141",
"var:104 <= c:142",
"c:142 <= var:124",
"var:123 <= c:143",
"c:143 <= var:124",
"var:104 <= c:143",
"var:123 <= c:144",
"c:144 <= var:125",
"var:125 <= c:145",
"var:126 <= c:145",
"c:146 <= var:126",
"var:127 <= c:146",
"c:147 <= var:127",
"var:128 <= c:147",
"c:148 <= var:124",
"c:148 <= var:129",
"c:149 <= var:129",
"c:149 <= var:130",
"c:150 <= var:97",
"c:150 <= var:131",
"c:151 <= var:97",
"c:151 <= var:132",
"var:131 <= c:152",
"var:132 <= c:152",
"c:152 <= var:97",
"var:131 <= c:153",
"c:153 <= var:133",
"c:154 <= var:132",
"c:154 <= var:134",
"var:134 <= c:155",
"var:135 <= c:155",
"c:156 <= var:135",
"c:156 <= var:136",
"var:136 <= c:157",
"c:157 <= var:137",
"c:158 <= var:98",
"c:158 <= var:138",
"c:159 <= var:138",
"c:159 <= var:139",
"c:160 <= var:139",
"var:140 <= c:160",
"var:93 <= c:161",
"c:161 <= var:141",
"var:93 <= c:162",
"var:142 <= c:162",
"c:163 <= var:141",
"c:163 <= var:142",
"c:163 <= var:93",
"c:164 <= var:141",
"c:164 <= var:143",
"c:165 <= var:143",
"c:165 <= var:144",
"c:166 <= var:144",
"var:145 <= c:166",
"c:167 <= var:142",
"var:146 <= c:167",
"var:146 <= c:168",
"var:147 <= c:168",
"c:169 <= var:94",
"var:148 <= c:169",
"c:170 <= var:94",
"var:149 <= c:170",
"c:171 <= var:148",
"c:171 <= var:149",
"var:94 <= c:171",
"var:148 <= c:172",
"c:172 <= var:150",
"c:173 <= var:150",
"c:173 <= var:151",
"var:149 <= c:174",
"var:152 <= c:174",
"c:175 <= var:149",
"var:153 <= c:175",
"var:152 <= c:176",
"var:153 <= c:176",
"var:149 <= c:176",
"var:152 <= c:177",
"var:154 <= c:177",
"c:178 <= var:95",
"c:178 <= var:155",
"c:179 <= var:95",
"var:156 <= c:179",
"var:155 <= c:180",
"c:180 <= var:156",
"c:180 <= var:95",
"c:181 <= var:155",
"c:181 <= var:157",
"c:182 <= var:157",
"c:182 <= var:158",
"var:158 <= c:183",
"var:159 <= c:183",
"c:184 <= var:159",
"c:184 <= var:160",
"c:185 <= var:156",
"var:161 <= c:185",
"c:186 <= var:156",
"c:186 <= var:162",
"var:161 <= c:187",
"var:162 <= c:187",
"c:187 <= var:156",
"c:188 <= var:161",
"var:163 <= c:188",
"var:163 <= c:189",
"var:164 <= c:189",
"c:190 <= var:162",
"c:190 <= var:165",
"var:165 <= c:191",
"var:166 <= c:191",
"c:192 <= var:166",
"c:192 <= var:167",
"var:4 <= c:193",
"c:193 <= var:168",
"c:194 <= var:4",
"var:169 <= c:194",
"var:168 <= c:195",
"var:169 <= c:195",
"var:4 <= c:195",
"var:168 <= c:196",
"var:170 <= c:196",
"c:197 <= var:168",
"c:197 <= var:171",
"var:168 <= c:198",
"var:172 <= c:198",
"c:199 <= var:170",
"c:199 <= var:171",
"var:168 <= c:199",
"c:200 <= var:170",
"var:173 <= c:200",
"var:173 <= c:201",
"c:201 <= var:174",
"var:174 <= c:202",
"var:175 <= c:202",
"c:203 <= var:175",
"var:176 <= c:203",
"var:176 <= c:204",
"c:204 <= var:177",
"var:177 <= c:205",
"c:205 <= var:178",
"var:172 <= c:206",
"c:206 <= var:179",
"c:207 <= var:179",
"var:180 <= c:207",
"c:208 <= var:5",
"c:208 <= var:181",
"var:5 <= c:209",
"var:182 <= c:209",
"var:181 <= c:210",
"c:210 <= var:182",
"c:210 <= var:5",
"var:181 <= c:211",
"var:183 <= c:211",
"c:212 <= var:181",
"c:212 <= var:184",
"c:213 <= var:183",
"var:184 <= c:213",
"var:181 <= c:213",
"c:214 <= var:183",
"var:185 <= c:214",
"var:183 <= c:215",
"var:186 <= c:215",
"c:216 <= var:185",
"c:216 <= var:186",
"var:183 <= c:216",
"c:217 <= var:185",
"c:217 <= var:187",
"c:218 <= var:187",
"var:188 <= c:218",
"c:219 <= var:187",
"var:189 <= c:219",
"var:188 <= c:220",
"var:189 <= c:220",
"var:187 <= c:220",
"c:221 <= var:188",
"c:221 <= var:190",
"c:222 <= var:188",
"c:222 <= var:191",
"c:223 <= var:190",
"c:223 <= var:191",
"c:223 <= var:188",
"var:190 <= c:224",
"c:224 <= var:192",
"var:192 <= c:225",
"var:193 <= c:225",
"var:191 <= c:226",
"var:194 <= c:226",
"var:194 <= c:227",
"var:195 <= c:227",
"var:195 <= c:228",
"var:196 <= c:228",
"c:229 <= var:189",
"c:229 <= var:197",
"c:230 <= var:197",
"var:198 <= c:230",
"c:231 <= var:198",
"var:199 <= c:231",
"var:186 <= c:232",
"c:232 <= var:200",
"c:233 <= var:184",
"c:233 <= var:201",
"var:184 <= c:234",
"var:202 <= c:234",
"c:235 <= var:201",
"c:235 <= var:202",
"var:184 <= c:235",
"c:236 <= var:201",
"var:203 <= c:236",
"c:237 <= var:203",
"c:237 <= var:204",
"c:238 <= var:204",
"c:238 <= var:205",
"var:205 <= c:239",
"var:206 <= c:239",
"var:206 <= c:240",
"var:207 <= c:240",
"var:202 <= c:241",
"var:208 <= c:241",
"c:242 <= var:208",
"c:242 <= var:209",
"var:209 <= c:243",
"c:243 <= var:210",
"c:244 <= var:182",
"c:244 <= var:211",
"c:245 <= var:182",
"var:212 <= c:245",
"c:246 <= var:182",
"var:213 <= c:246",
"var:211 <= c:247",
"var:212 <= c:247",
"var:182 <= c:247",
"c:248 <= var:211",
"c:248 <= var:214",
"var:211 <= c:249",
"var:215 <= c:249",
"c:250 <= var:214",
"var:215 <= c:250",
"var:211 <= c:250",
"c:251 <= var:214",
"c:251 <= var:216",
"c:252 <= var:216",
"var:217 <= c:252",
"var:215 <= c:253",
"var:218 <= c:253",
"var:218 <= c:254",
"c:254 <= var:219",
"c:255 <= var:212",
"var:220 <= c:255",
"var:220 <= c:256",
"var:221 <= c:256",
"c:257 <= var:213",
"var:222 <= c:257",
"var:222 <= c:258",
"c:258 <= var:223",
"var:223 <= c:259",
"c:259 <= var:224",
"var:224 <= c:260",
"var:225 <= c:260",
"c:261 <= var:6",
"c:261 <= var:226",
"c:262 <= var:6",
"c:262 <= var:227",
"c:263 <= var:6",
"c:263 <= var:228",
"var:226 <= c:264",
"c:264 <= var:227",
"c:264 <= var:6",
"c:265 <= var:226",
"var:229 <= c:265",
"var:226 <= c:266",
"c:266 <= var:230",
"var:229 <= c:267",
"c:267 <= var:230",
"var:226 <= c:267",
"c:268 <= var:229",
"var:231 <= c:268",
"c:269 <= var:231",
"c:269 <= var:232",
"c:270 <= var:232",
"var:233 <= c:270",
"c:271 <= var:233",
"c:271 <= var:234",
"c:272 <= var:227",
"var:235 <= c:272",
"var:227 <= c:273",
"var:236 <= c:273",
"c:274 <= var:235",
"c:274 <= var:236",
"var:227 <= c:274",
"var:235 <= c:275",
"c:275 <= var:237",
"var:237 <= c:276",
"c:276 <= var:238",
"c:277 <= var:236",
"c:277 <= var:239",
"c:278 <= var:236",
"c:278 <= var:240",
"c:279 <= var:239",
"c:279 <= var:240",
"var:236 <= c:279",
"c:280 <= var:240",
"var:241 <= c:280",
"c:281 <= var:228",
"c:281 <= var:242",
"var:228 <= c:282",
"c:282 <= var:243",
"c:283 <= var:242",
"c:283 <= var:243",
"var:228 <= c:283",
"c:284 <= var:242",
"var:244 <= c:284",
"c:285 <= var:244",
"var:245 <= c:285",
"c:286 <= var:243",
"c:286 <= var:246",
"c:287 <= var:246",
"var:247 <= c:287",
"var:246 <= c:288",
"var:248 <= c:288",
"c:289 <= var:246",
"c:289 <= var:249",
"var:247 <= c:290",
"var:248 <= c:290",
"c:290 <= var:246",
"var:247 <= c:291",
"c:291 <= var:250",
"var:247 <= c:292",
"c:292 <= var:251",
"var:247 <= c:293",
"var:252 <= c:293",
"var:250 <= c:294",
"c:294 <= var:251",
"var:247 <= c:294",
"var:250 <= c:295",
"var:253 <= c:295",
"c:296 <= var:253",
"c:296 <= var:254",
"c:297 <= var:254",
"c:297 <= var:255",
"c:298 <= var:255",
"var:256 <= c:298",
"var:256 <= c:299",
"var:257 <= c:299",
"var:251 <= c:300",
"c:300 <= var:258",
"c:301 <= var:258",
"var:259 <= c:301",
"c:302 <= var:259",
"c:302 <= var:260",
"var:259 <= c:303",
"var:261 <= c:303",
"var:259 <= c:304",
"var:262 <= c:304",
"var:259 <= c:305",
"var:263 <= c:305",
"c:306 <= var:260",
"var:261 <= c:306",
"c:306 <= var:259",
"c:307 <= var:260",
"var:264 <= c:307",
"var:260 <= c:308",
"c:308 <= var:265",
"var:264 <= c:309",
"c:309 <= var:265",
"var:260 <= c:309",
"var:264 <= c:310",
"c:310 <= var:266",
"c:311 <= var:266",
"c:311 <= var:267",
"var:267 <= c:312",
"var:268 <= c:312",
"var:265 <= c:313",
"var:269 <= c:313",
"var:262 <= c:314",
"c:314 <= var:270",
"c:315 <= var:262",
"var:271 <= c:315",
"c:316 <= var:270",
"c:316 <= var:271",
"c:316 <= var:262",
"var:270 <= c:317",
"c:317 <= var:272",
"var:270 <= c:318",
"c:318 <= var:273",
"c:319 <= var:272",
"c:319 <= var:273",
"c:319 <= var:270",
"c:320 <= var:272",
"var:274 <= c:320",
"c:321 <= var:274",
"var:275 <= c:321",
"var:275 <= c:322",
"c:322 <= var:276",
"c:323 <= var:273",
"var:277 <= c:323",
"var:277 <= c:324",
"var:278 <= c:324",
"c:325 <= var:271",
"c:325 <= var:279",
"var:279 <= c:326",
"c:326 <= var:280",
"var:280 <= c:327",
"var:281 <= c:327",
"c:328 <= var:281",
"var:282 <= c:328",
"var:263 <= c:329",
"c:329 <= var:283",
"var:263 <= c:330",
"var:284 <= c:330",
"c:331 <= var:283",
"c:331 <= var:284",
"c:331 <= var:263",
"c:332 <= var:283",
"var:285 <= c:332",
"c:333 <= var:285",
"var:286 <= c:333",
"c:334 <= var:286",
"var:287 <= c:334",
"var:287 <= c:335",
"var:288 <= c:335",
"c:336 <= var:288",
"c:336 <= var:289",
"c:337 <= var:289",
"c:337 <= var:290",
"var:290 <= c:338",
"c:338 <= var:291",
"var:290 <= c:339",
"var:292 <= c:339",
"c:340 <= var:290",
"var:293 <= c:340",
"var:290 <= c:341",
"var:294 <= c:341",
"var:291 <= c:342",
"var:292 <= c:342",
"var:290 <= c:342",
"var:291 <= c:343",
"var:295 <= c:343",
"var:295 <= c:344",
"var:296 <= c:344",
"c:345 <= var:296",
"var:297 <= c:345",
"c:346 <= var:292",
"c:346 <= var:298",
"c:347 <= var:292",
"var:299 <= c:347",
"var:292 <= c:348",
"c:348 <= var:300",
"c:349 <= var:298",
"var:299 <= c:349",
"c:349 <= var:292",
"var:298 <= c:350",
"var:301 <= c:350",
"c:351 <= var:301",
"var:302 <= c:351",
"c:352 <= var:299",
"c:352 <= var:303",
"var:299 <= c:353",
"var:304 <= c:353",
"c:354 <= var:303",
"var:304 <= c:354",
"var:299 <= c:354",
"c:355 <= var:303",
"c:355 <= var:305",
"c:356 <= var:305",
"var:306 <= c:356",
"var:306 <= c:357",
"var:307 <= c:357",
"var:304 <= c:358",
"var:308 <= c:358",
"var:308 <= c:359",
"var:309 <= c:359",
"var:300 <= c:360",
"var:310 <= c:360",
"c:361 <= var:300",
"c:361 <= var:311",
"var:310 <= c:362",
"c:362 <= var:311",
"c:362 <= var:300",
"c:363 <= var:310",
"c:363 <= var:312",
"var:312 <= c:364",
"c:364 <= var:313",
"c:365 <= var:313",
"var:314 <= c:365",
"var:311 <= c:366",
"c:366 <= var:315",
"c:367 <= var:293",
"var:316 <= c:367",
"var:293 <= c:368",
"var:317 <= c:368",
"c:369 <= var:316",
"var:317 <= c:369",
"var:293 <= c:369",
"var:316 <= c:370",
"var:318 <= c:370",
"c:371 <= var:318",
"c:371 <= var:319",
"var:317 <= c:372",
"c:372 <= var:320",
"var:317 <= c:373",
"c:373 <= var:321",
"var:320 <= c:374",
"var:321 <= c:374",
"var:317 <= c:374",
"var:320 <= c:375",
"var:322 <= c:375",
"var:322 <= c:376",
"c:376 <= var:323",
"var:321 <= c:377",
"var:324 <= c:377",
"var:324 <= c:378",
"c:378 <= var:325",
"var:294 <= c:379",
"var:326 <= c:379",
"var:294 <= c:380",
"var:327 <= c:380",
"var:326 <= c:381",
"c:381 <= var:327",
"c:381 <= var:294",
"var:326 <= c:382",
"var:328 <= c:382",
"c:383 <= var:328",
"var:329 <= c:383",
"c:384 <= var:327",
"c:384 <= var:330",
"var:327 <= c:385",
"var:331 <= c:385",
"c:386 <= var:330",
"var:331 <= c:386",
"var:327 <= c:386",
"var:331 <= c:387",
"var:332 <= c:387",
"c:388 <= var:332",
"c:388 <= var:333",
"var:333 <= c:389",
"var:334 <= c:389",
"var:284 <= c:390",
"c:390 <= var:335",
"var:335 <= c:391",
"var:336 <= c:391",
"c:392 <= var:336",
"var:337 <= c:392",
"var:337 <= c:393",
"var:338 <= c:393",
"var:252 <= c:394",
"c:394 <= var:339",
"c:395 <= var:339",
"c:395 <= var:340",
"var:340 <= c:396",
"c:396 <= var:341",
"c:397 <= var:341",
"var:342 <= c:397",
"var:248 <= c:398",
"var:343 <= c:398",
"var:248 <= c:399",
"var:344 <= c:399",
"c:400 <= var:248",
"c:400 <= var:345",
"c:401 <= var:343",
"c:401 <= var:344",
"var:248 <= c:401",
"c:402 <= var:343",
"var:346 <= c:402",
"var:343 <= c:403",
"c:403 <= var:347",
"var:346 <= c:404",
"var:347 <= c:404",
"c:404 <= var:343",
"c:405 <= var:346",
"c:405 <= var:348",
"c:406 <= var:347",
"var:349 <= c:406",
"var:344 <= c:407",
"c:407 <= var:350",
"c:408 <= var:350",
"var:351 <= c:408",
"c:409 <= var:345",
"var:352 <= c:409",
"c:410 <= var:345",
"var:353 <= c:410",
"var:352 <= c:411",
"c:411 <= var:353",
"c:411 <= var:345",
"c:412 <= var:352",
"var:354 <= c:412",
"c:413 <= var:354",
"c:413 <= var:355",
"var:355 <= c:414",
"var:356 <= c:414",
"c:415 <= var:356",
"c:415 <= var:357",
"c:416 <= var:353",
"c:416 <= var:358",
"c:417 <= var:358",
"c:417 <= var:359",
"c:418 <= var:359",
"var:360 <= c:418",
"c:419 <= var:249",
"var:361 <= c:419",
"var:249 <= c:420",
"c:420 <= var:362",
"var:361 <= c:421",
"var:362 <= c:421",
"c:421 <= var:249",
"var:361 <= c:422",
"c:422 <= var:363",
"c:423 <= var:363",
"c:423 <= var:364",
"c:424 <= var:362",
"c:424 <= var:365",
"c:425 <= var:365",
"var:366 <= c:425",
"c:426 <= var:366",
"var:367 <= c:426",
"c:427 <= var:367",
"c:427 <= var:368",
"c:428 <= var:7",
"var:369 <= c:428",
"var:7 <= c:429",
"var:370 <= c:429",
"c:430 <= var:369",
"var:370 <= c:430",
"var:7 <= c:430",
"var:369 <= c:431",
"c:431 <= var:371",
"var:371 <= c:432",
"var:372 <= c:432",
"var:372 <= c:433",
"var:373 <= c:433",
"c:434 <= var:373",
"c:434 <= var:374",
"var:374 <= c:435",
"var:375 <= c:435",
"c:436 <= var:370",
"c:436 <= var:376",
"var:370 <= c:437",
"var:377 <= c:437",
"c:438 <= var:376",
"var:377 <= c:438",
"c:438 <= var:370",
"c:439 <= var:376",
"c:439 <= var:378",
"var:376 <= c:440",
"c:440 <= var:379",
"var:378 <= c:441",
"var:379 <= c:441",
"c:441 <= var:376",
"var:378 <= c:442",
"var:380 <= c:442",
"c:443 <= var:380",
"c:443 <= var:381",
"var:381 <= c:444",
"c:444 <= var:382",
"c:445 <= var:379",
"c:445 <= var:383",
"var:377 <= c:446",
"var:384 <= c:446",
"var:384 <= c:447",
"var:385 <= c:447",
"c:448 <= var:385",
"c:448 <= var:386",
"var:385 <= c:449",
"var:387 <= c:449",
"c:450 <= var:386",
"var:387 <= c:450",
"c:450 <= var:385",
"c:451 <= var:386",
"var:388 <= c:451",
"var:388 <= c:452",
"c:452 <= var:389",
"c:453 <= var:389",
"var:390 <= c:453",
"c:454 <= var:390",
"var:391 <= c:454",
"c:455 <= var:387",
"c:455 <= var:392",
"var:387 <= c:456",
"var:393 <= c:456",
"var:387 <= c:457",
"var:394 <= c:457",
"var:392 <= c:458",
"var:393 <= c:458",
"var:387 <= c:458",
"var:392 <= c:459",
"c:459 <= var:395",
"var:395 <= c:460",
"c:460 <= var:396",
"c:461 <= var:395",
"c:461 <= var:397",
"c:462 <= var:396",
"var:397 <= c:462",
"c:462 <= var:395",
"c:463 <= var:396",
"var:398 <= c:463",
"c:464 <= var:398",
"c:464 <= var:399",
"c:465 <= var:398",
"c:465 <= var:400",
"c:466 <= var:399",
"var:400 <= c:466",
"c:466 <= var:398",
"c:467 <= var:399",
"c:467 <= var:401",
"var:401 <= c:468",
"c:468 <= var:402",
"c:469 <= var:397",
"c:469 <= var:403",
"c:470 <= var:397",
"c:470 <= var:404",
"c:471 <= var:397",
"var:405 <= c:471",
"c:472 <= var:403",
"c:472 <= var:404",
"c:472 <= var:397",
"var:403 <= c:473",
"var:406 <= c:473",
"c:474 <= var:406",
"var:407 <= c:474",
"c:475 <= var:407",
"c:475 <= var:408",
"c:476 <= var:408",
"var:409 <= c:476",
"var:404 <= c:477",
"c:477 <= var:410",
"c:478 <= var:410",
"c:478 <= var:411",
"c:479 <= var:411",
"c:479 <= var:412",
"var:412 <= c:480",
"var:413 <= c:480",
"c:481 <= var:405",
"var:414 <= c:481",
"var:405 <= c:482",
"c:482 <= var:415",
"var:414 <= c:483",
"var:415 <= c:483",
"var:405 <= c:483",
"c:484 <= var:414",
"c:484 <= var:416",
"var:416 <= c:485",
"var:417 <= c:485",
"c:486 <= var:417",
"c:486 <= var:418",
"var:415 <= c:487",
"var:419 <= c:487",
"c:488 <= var:419",
"c:488 <= var:420",
"var:420 <= c:489",
"var:421 <= c:489",
"c:490 <= var:421",
"var:422 <= c:490",
"c:491 <= var:393",
"var:423 <= c:491",
"var:393 <= c:492",
"c:492 <= var:424",
"c:493 <= var:423",
"var:424 <= c:493",
"c:493 <= var:393",
"c:494 <= var:423",
"c:494 <= var:425",
"var:425 <= c:495",
"var:426 <= c:495",
"c:496 <= var:426",
"var:427 <= c:496",
"c:497 <= var:424",
"var:428 <= c:497",
"c:498 <= var:428",
"var:429 <= c:498",
"var:394 <= c:499",
"c:499 <= var:430",
"var:430 <= c:500",
"var:431 <= c:500",
"c:501 <= var:431",
"var:432 <= c:501",
"var:395 <= c:502",
"c:503 <= var:298",
"var:335 <= c:504",
"var:327 <= c:505",
"c:506 <= var:428",
"var:118 <= c:507",
"var:233 <= c:508",
"c:509 <= var:266",
"c:510 <= var:111",
"var:194 <= c:511",
"c:512 <= var:100",
"var:180 <= c:513",
"c:514 <= var:13",
"var:193 <= c:515",
"var:41 <= c:516",
"var:99 <= c:517",
"var:175 <= c:518",
"c:519 <= var:133",
"c:520 <= var:318",
"var:196 <= c:521",
"var:63 <= c:522",
"c:523 <= var:113",
"var:138 <= c:524",
"var:38 <= c:525",
"var:348 <= c:526",
"var:67 <= c:527",
"var:420 <= c:528",
"var:125 <= c:529",
"c:530 <= var:111",
"var:332 <= c:531",
"var:400 <= c:532",
"var:81 <= c:533",
"c:534 <= var:61",
"var:429 <= c:535",
"c:536 <= var:183",
"c:537 <= var:295",
"var:205 <= c:538",
"var:410 <= c:539",
"var:294 <= c:540",
"var:222 <= c:541",
"c:542 <= var:271",
"c:543 <= var:118",
"var:63 <= c:544",
"var:283 <= c:545",
"c:546 <= var:426",
"c:547 <= var:131",
"var:246 <= c:548",
"c:549 <= var:26",
"var:171 <= c:550",
"c:551 <= var:397",
"c:552 <= var:260",
"c:553 <= var:251",
"c:554 <= var:369",
"var:203 <= c:555",
"var:223 <= c:556",
"var:400 <= c:557",
"var:105 <= c:558",
"var:430 <= c:559",
"c:560 <= var:45",
"var:403 <= c:561",
"c:562 <= var:219",
"c:563 <= var:16",
"c:564 <= var:89",
"var:418 <= c:565",
"var:114 <= c:566",
"c:567 <= var:254",
"c:568 <= var:152",
"c:569 <= var:233",
"c:570 <= var:366",
"c:571 <= var:249",
"var:201 <= c:572",
"c:573 <= var:312",
"c:574 <= var:166",
"c:575 <= var:105",
"c:576 <= var:243",
"var:30 <= c:577",
"c:578 <= var:212",
"var:316 <= c:579",
"c:580 <= var:304",
"var:232 <= c:581",
"c:582 <= var:167",
"c:583 <= var:248",
"c:584 <= var:84",
"var:352 <= c:585",
"var:202 <= c:586",
"var:247 <= c:587",
"var:136 <= c:588",
"var:169 <= c:589",
"var:26 <= c:590",
"c:591 <= var:317",
"c:592 <= var:291",
"c:593 <= var:410",
"var:330 <= c:594",
"var:34 <= c:595",
"c:596 <= var:116",
"var:417 <= c:597",
"c:598 <= var:169",
"var:272 <= c:599",
"var:312 <= c:600",
"c:601 <= var:407",
"var:140 <= c:602",
"c:603 <= var:351",
"var:116 <= c:604",
"var:324 <= c:605",
"var:148 <= c:606",
"var:295 <= c:607",
"var:171 <= c:608",
"var:342 <= c:609",
"c:610 <= var:422",
"var:302 <= c:610",
"var:422 <= c:611",
"var:360 <= c:611",
"c:612 <= var:137",
"var:59 <= c:612",
"var:409 <= c:613",
"c:613 <= var:239",
"var:199 <= c:614",
"c:614 <= var:128",
"c:615 <= var:432",
"var:59 <= c:615",
"c:616 <= var:269",
"c:616 <= var:25",
"var:36 <= c:617",
"var:338 <= c:617",
"var:88 <= c:618",
"var:164 <= c:618",
"c:619 <= var:147",
"c:619 <= var:83",
"c:619 <= var:178",
"var:334 <= c:620",
"var:307 <= c:620",
"var:193 <= c:620",
"var:360 <= c:621",
"var:342 <= c:621",
"var:297 <= c:621"
]
}